Workbook

Sheet matutino y especial
A1: REGISTRO DIARIO DE INCIDENCIAS
A2: PERIODO ENERO-ABRIL 2026
A3: TURNOS: MAT Y MAT ESP | D3: =FECHAS!D8 -> LUNES 09 DE FEBRERO DEL 2026 | G3: =FECHAS!G8 -> SEM 6 LIC
A4: ='concentrado diur.'!A4:A5 -> Aula | B4: ='concentrado diur.'!B4:B5 -> Gpo. | C4: ='concentrado diur.'!C4:C5 -> Licenciatura | D4: Op | E4: 7:00 | F4: 8:00 | G4: 9:00 | H4: 10:00 | I4: ='concentrado diur.'!I5 -> 11:00
A5: ='concentrado diur.'!A6 -> CC1 | B5: ='concentrado diur.'!B6 -> 801-9 | C5: ='concentrado diur.'!C6 -> COMPUTACION | D5: ='concentrado diur.'!D6 -> 0 | E5: ='concentrado diur.'!E6 -> 1035 | F5: ='concentrado diur.'!F6 -> 1035 | G5: ='concentrado diur.'!G6 -> A144 | H5: ='concentrado diur.'!H6 -> A144 | I5: ='concentrado diur.'!I6 -> 0
A6: ='concentrado diur.'!A7 -> CC2 | B6: ='concentrado diur.'!B7 -> 501-9 | C6: ='concentrado diur.'!C7 -> COMPUTACION | D6: ='concentrado diur.'!D7 -> 0 | E6: ='concentrado diur.'!E7 -> A161 | F6: ='concentrado diur.'!F7 -> 436 | G6: ='concentrado diur.'!G7 -> 436 | H6: ='concentrado diur.'!H7 -> 2453 | I6: ='concentrado diur.'!I7 -> 2453
A7: ='concentrado diur.'!A8 -> CC3 | B7: ='concentrado diur.'!B8 -> 0 | C7: ='concentrado diur.'!C8 -> 0 | D7: ='concentrado diur.'!D8 -> 0 | E7: ='concentrado diur.'!E8 -> 1094 | F7: ='concentrado diur.'!F8 -> 1094 | G7: ='concentrado diur.'!G8 -> 1228 | H7: ='concentrado diur.'!H8 -> A238 | I7: ='concentrado diur.'!I8 -> 0
A8: ='concentrado diur.'!A9 -> CC4 | B8: ='concentrado diur.'!B9 -> 0 | C8: ='concentrado diur.'!C9 -> 0 | D8: ='concentrado diur.'!D9 -> 0 | E8: ='concentrado diur.'!E9 -> 2130 | F8: ='concentrado diur.'!F9 -> A229 | G8: ='concentrado diur.'!G9 -> A229 CC | H8: ='concentrado diur.'!H9 -> 2353 | I8: ='concentrado diur.'!I9 -> 0
A9: ='concentrado diur.'!A10 -> CC5 | B9: ='concentrado diur.'!B10 -> 0 | C9: ='concentrado diur.'!C10 -> 0 | D9: ='concentrado diur.'!D10 -> 0 | E9: ='concentrado diur.'!E10 -> 1581 | F9: ='concentrado diur.'!F10 -> A144 | G9: ='concentrado diur.'!G10 -> 0 | H9: ='concentrado diur.'!H10 -> 0 | I9: ='concentrado diur.'!I10 -> 0
A10: ='concentrado diur.'!A11 -> 1 | B10: ='concentrado diur.'!B11 -> 603 EAH | C10: ='concentrado diur.'!C11 -> SEMESTRAL | D10: ='concentrado diur.'!D11 -> 0 | E10: ='concentrado diur.'!E11 -> AP27 | F10: ='concentrado diur.'!F11 -> AP27 | G10: ='concentrado diur.'!G11 -> P274 | H10: ='concentrado diur.'!H11 -> P274 | I10: ='concentrado diur.'!I11 -> P433
A11: ='concentrado diur.'!A12 -> 2 | B11: ='concentrado diur.'!B12 -> 701-13/801-14/ 101-13 ic | C11: ='concentrado diur.'!C12 -> PSICOLOGIA | D11: ='concentrado diur.'!D12 -> 5BM Y 5DM, 11GD | E11: ='concentrado diur.'!E12 -> A139 | F11: ='concentrado diur.'!F12 -> A139 | G11: ='concentrado diur.'!G12 -> 2517 | H11: ='concentrado diur.'!H12 -> 0 | I11: ='concentrado diur.'!I12 -> 0
A12: ='concentrado diur.'!A13 -> 3 | B12: ='concentrado diur.'!B13 -> 1001-13/1101-14/211-9 | C12: ='concentrado diur.'!C13 -> PSICOLOGIA | D12: ='concentrado diur.'!D13 -> 11AM | E12: ='concentrado diur.'!E13 -> A231 | F12: ='concentrado diur.'!F13 -> A231 | G12: ='concentrado diur.'!G13 -> 2124 | H12: ='concentrado diur.'!H13 -> 2353 CC | I12: ='concentrado diur.'!I13 -> 2353
A13: ='concentrado diur.'!A14 -> 4 | B13: ='concentrado diur.'!B14 -> 501-11 | C13: ='concentrado diur.'!C14 -> ELECTRO | D13: ='concentrado diur.'!D14 -> 0 | E13: ='concentrado diur.'!E14 -> 1534 | F13: ='concentrado diur.'!F14 -> 1534 | G13: ='concentrado diur.'!G14 -> 2314 | H13: ='concentrado diur.'!H14 -> 2314 | I13: ='concentrado diur.'!I14 -> 2154
A14: ='concentrado diur.'!A15 -> 5 | B14: ='concentrado diur.'!B15 -> 401-8/501-9 | C14: ='concentrado diur.'!C15 -> CIVIL | D14: ='concentrado diur.'!D15 -> 5AD | E14: ='concentrado diur.'!E15 -> 2401 | F14: ='concentrado diur.'!F15 -> A169 | G14: ='concentrado diur.'!G15 -> A169 | H14: ='concentrado diur.'!H15 -> 1152 | I14: ='concentrado diur.'!I15 -> 1152
A15: ='concentrado diur.'!A16 -> 7 | B15: ='concentrado diur.'!B16 -> 401-8/501-9 | C15: ='concentrado diur.'!C16 -> NEGOCIOS | D15: ='concentrado diur.'!D16 -> 0 | E15: ='concentrado diur.'!E16 -> A198 | F15: ='concentrado diur.'!F16 -> 2472 | G15: ='concentrado diur.'!G16 -> A191 | H15: ='concentrado diur.'!H16 -> 1433 | I15: ='concentrado diur.'!I16 -> 1433
A16: ='concentrado diur.'!A17 -> 8 | B16: ='concentrado diur.'!B17 -> 501-9/511-9 | C16: ='concentrado diur.'!C17 -> PSICOLOGIA | D16: ='concentrado diur.'!D17 -> 5BD | E16: ='concentrado diur.'!E17 -> 0 | F16: ='concentrado diur.'!F17 -> 2521 | G16: ='concentrado diur.'!G17 -> A231 | H16: ='concentrado diur.'!H17 -> 382 | I16: ='concentrado diur.'!I17 -> 2166
... A21: ='concentrado diur.'!A22 -> 104 | B21: ='concentrado diur.'!B22 -> 403 | C21: ='concentrado diur.'!C22 -> SEMESTRAL | D21: ='concentrado diur.'!D22 -> 0 | E21: ='concentrado diur.'!E22 -> 0 | F21: ='concentrado diur.'!F22 -> P463 | G21: ='concentrado diur.'!G22 -> P463 | H21: ='concentrado diur.'!H22 -> P453 | I21: ='concentrado diur.'!I22 -> P453
A23: =A1 -> REGISTRO DIARIO DE INCIDENCIAS
A24: =A2 -> PERIODO ENERO-ABRIL 2026
A25: TURNOS: MAT Y MAT ESP | D25: =D3 -> LUNES 09 DE FEBRERO DEL 2026 | G25: =G3 -> SEM 6 LIC
A26: =A4 -> Aula | B26: =B4 -> Gpo. | C26: =C4 -> Licenciatura | D26: =D4 -> Op | E26: =E4 -> 7:00 | F26: =F4 -> 8:00 | G26: =G4 -> 9:00 | H26: =H4 -> 10:00 | I26: =I4 -> 11:00
A27: ='concentrado diur.'!A23 -> 201 | B27: ='concentrado diur.'!B23 -> 701-8/801-9 | C27: ='concentrado diur.'!C23 -> INDUSTRIAL | D27: ='concentrado diur.'!D23 -> 8DB | E27: ='concentrado diur.'!E23 -> 1562 | F27: ='concentrado diur.'!F23 -> 1562 | G27: ='concentrado diur.'!G23 -> 2453 | H27: ='concentrado diur.'!H23 -> A184 | I27: ='concentrado diur.'!I23 -> A184
A28: ='concentrado diur.'!A24 -> 202 | B28: ='concentrado diur.'!B24 -> 1301-13/1401-14 | C28: ='concentrado diur.'!C24 -> NEGOCIOS | D28: ='concentrado diur.'!D24 -> 0 | E28: ='concentrado diur.'!E24 -> 1357 | F28: ='concentrado diur.'!F24 -> A55 | G28: ='concentrado diur.'!G24 -> 1060 | H28: ='concentrado diur.'!H24 -> 0 | I28: ='concentrado diur.'!I24 -> 0
A29: ='concentrado diur.'!A25 -> sim | B29: ='concentrado diur.'!B25 -> 0 | C29: ='concentrado diur.'!C25 -> 0 | D29: ='concentrado diur.'!D25 -> 0 | E29: ='concentrado diur.'!E25 -> 0 | F29: ='concentrado diur.'!F25 -> 0 | G29: ='concentrado diur.'!G25 -> 0 | H29: ='concentrado diur.'!H25 -> 0 | I29: ='concentrado diur.'!I25 -> 0
A30: ='concentrado diur.'!A26 -> 204 | B30: ='concentrado diur.'!B26 -> 101-8 | C30: ='concentrado diur.'!C26 -> CIVIL | D30: ='concentrado diur.'!D26 -> 0 | E30: ='concentrado diur.'!E26 -> 2338 | F30: ='concentrado diur.'!F26 -> 2338 | G30: ='concentrado diur.'!G26 -> S 207 | H30: ='concentrado diur.'!H26 -> S 313 | I30: ='concentrado diur.'!I26 -> S 313
A31: ='concentrado diur.'!A27 -> 205 | B31: ='concentrado diur.'!B27 -> 401-13/501-14 | C31: ='concentrado diur.'!C27 -> PSICOLOGIA | D31: ='concentrado diur.'!D27 -> 2AM, 8CD, 8FD | E31: ='concentrado diur.'!E27 -> 1303 | F31: ='concentrado diur.'!F27 -> 1303 | G31: ='concentrado diur.'!G27 -> A139 | H31: ='concentrado diur.'!H27 -> 0 | I31: ='concentrado diur.'!I27 -> 0
A32: ='concentrado diur.'!A28 -> 206 | B32: ='concentrado diur.'!B28 -> 1001-13/1101-14 | C32: ='concentrado diur.'!C28 -> CIVIL | D32: ='concentrado diur.'!D28 -> 8BM | E32: ='concentrado diur.'!E28 -> A183 | F32: ='concentrado diur.'!F28 -> A261 | G32: ='concentrado diur.'!G28 -> A261 | H32: ='concentrado diur.'!H28 -> 0 | I32: ='concentrado diur.'!I28 -> 0
A33: ='concentrado diur.'!A29 -> 206 | B33: ='concentrado diur.'!B29 -> 0 | C33: ='concentrado diur.'!C29 -> 0 | D33: ='concentrado diur.'!D29 -> 8CM | E33: ='concentrado diur.'!E29 -> 0 | F33: ='concentrado diur.'!F29 -> 0 | G33: ='concentrado diur.'!G29 -> 0 | H33: ='concentrado diur.'!H29 -> 0 | I33: ='concentrado diur.'!I29 -> 0
A34: ='concentrado diur.'!A30 -> 207 | B34: ='concentrado diur.'!B30 -> 201-14 | C34: ='concentrado diur.'!C30 -> PSICOLOGIA | D34: ='concentrado diur.'!D30 -> 2DD, 8ED | E34: ='concentrado diur.'!E30 -> 2325 | F34: ='concentrado diur.'!F30 -> 1581 | G34: ='concentrado diur.'!G30 -> 382 | H34: ='concentrado diur.'!H30 -> 0 | I34: ='concentrado diur.'!I30 -> 0
A35: ='concentrado diur.'!A31 -> 208 | B35: ='concentrado diur.'!B31 -> 801-14 | C35: ='concentrado diur.'!C31 -> CIVIL | D35: ='concentrado diur.'!D31 -> 5DM | E35: ='concentrado diur.'!E31 -> A77 | F35: ='concentrado diur.'!F31 -> 1152 | G35: ='concentrado diur.'!G31 -> 1152 | H35: ='concentrado diur.'!H31 -> 0 | I35: ='concentrado diur.'!I31 -> 0
A36: ='concentrado diur.'!A32 -> 209 | B36: ='concentrado diur.'!B32 -> 501-14 | C36: ='concentrado diur.'!C32 -> CIVIL | D36: ='concentrado diur.'!D32 -> 0 | E36: ='concentrado diur.'!E32 -> A169 | F36: ='concentrado diur.'!F32 -> A183 | G36: ='concentrado diur.'!G32 -> 2306 | H36: ='concentrado diur.'!H32 -> 0 | I36: ='concentrado diur.'!I32 -> 0
A37: ='concentrado diur.'!A33 -> 210 | B37: ='concentrado diur.'!B33 -> 401-8/101-8 IIA | C37: ='concentrado diur.'!C33 -> CIVIL | D37: ='concentrado diur.'!D33 -> 0 | E37: ='concentrado diur.'!E33 -> 2182 IIA 2503 S 209 | F37: ='concentrado diur.'!F33 -> 1517 | G37: ='concentrado diur.'!G33 -> 1517 | H37: ='concentrado diur.'!H33 -> S 309-A | I37: ='concentrado diur.'!I33 -> S 309-A
A38: ='concentrado diur.'!A34 -> 211 | B38: ='concentrado diur.'!B34 -> 201-9 | C38: ='concentrado diur.'!C34 -> NEGOCIOS | D38: ='concentrado diur.'!D34 -> 8BD | E38: ='concentrado diur.'!E34 -> 2448 | F38: ='concentrado diur.'!F34 -> 2448 | G38: ='concentrado diur.'!G34 -> 992 | H38: ='concentrado diur.'!H34 -> 992 | I38: ='concentrado diur.'!I34 -> 992
... A52: ='concentrado diur.'!A48 -> 221 | B52: ='concentrado diur.'!B48 -> 201-9 | C52: ='concentrado diur.'!C48 -> INDUSTRIAL | D52: ='concentrado diur.'!D48 -> 0 | E52: ='concentrado diur.'!E48 -> A164 | F52: ='concentrado diur.'!F48 -> A164 | G52: ='concentrado diur.'!G48 -> 1581 | H52: ='concentrado diur.'!H48 -> A89 | I52: ='concentrado diur.'!I48 -> 1633
A54: =A23 -> REGISTRO DIARIO DE INCIDENCIAS
A55: =A24 -> PERIODO ENERO-ABRIL 2026
A56: TURNOS: MAT Y MAT ESP | D56: =D25 -> LUNES 09 DE FEBRERO DEL 2026 | G56: =G25 -> SEM 6 LIC
A57: =A26 -> Aula | B57: =B26 -> Gpo. | C57: =C26 -> Licenciatura | D57: =D26 -> Op | E57: =E26 -> 7:00 | F57: =F26 -> 8:00 | G57: =G26 -> 9:00 | H57: =H26 -> 10:00 | I57: =I26 -> 11:00
A58: ='concentrado diur.'!A49 -> 301 | B58: ='concentrado diur.'!B49 -> 601 FMQB | C58: ='concentrado diur.'!C49 -> SEMESTRAL | D58: ='concentrado diur.'!D49 -> 0 | E58: ='concentrado diur.'!E49 -> AP35 | F58: ='concentrado diur.'!F49 -> P453 | G58: ='concentrado diur.'!G49 -> AP4 | H58: ='concentrado diur.'!H49 -> P456 | I58: ='concentrado diur.'!I49 -> AP8
A59: ='concentrado diur.'!A50 -> 301-A | B59: ='concentrado diur.'!B50 -> 1301-13/1401-14 | C59: ='concentrado diur.'!C50 -> CIVIL | D59: ='concentrado diur.'!D50 -> 0 | E59: ='concentrado diur.'!E50 -> 1887 | F59: ='concentrado diur.'!F50 -> 1887 | G59: ='concentrado diur.'!G50 -> A43 | H59: ='concentrado diur.'!H50 -> 0 | I59: ='concentrado diur.'!I50 -> 0
A60: ='concentrado diur.'!A51 -> 302 | B60: ='concentrado diur.'!B51 -> 602 FMQB | C60: ='concentrado diur.'!C51 -> SEMESTRAL | D60: ='concentrado diur.'!D51 -> 0 | E60: ='concentrado diur.'!E51 -> P294 | F60: ='concentrado diur.'!F51 -> AP35 | G60: ='concentrado diur.'!G51 -> P453 | H60: ='concentrado diur.'!H51 -> P463 | I60: ='concentrado diur.'!I51 -> P456
A61: ='concentrado diur.'!A52 -> 303 | B61: ='concentrado diur.'!B52 -> 402 | C61: ='concentrado diur.'!C52 -> SEMESTRAL | D61: ='concentrado diur.'!D52 -> 0 | E61: ='concentrado diur.'!E52 -> AP20 | F61: ='concentrado diur.'!F52 -> AP20 | G61: ='concentrado diur.'!G52 -> P466 | H61: ='concentrado diur.'!H52 -> P398 | I61: ='concentrado diur.'!I52 -> P440
A62: ='concentrado diur.'!A53 -> 304 | B62: ='concentrado diur.'!B53 -> 201 | C62: ='concentrado diur.'!C53 -> SEMESTRAL | D62: ='concentrado diur.'!D53 -> 0 | E62: ='concentrado diur.'!E53 -> 2521 101-8 PS | F62: ='concentrado diur.'!F53 -> AP4 | G62: ='concentrado diur.'!G53 -> P440 | H62: ='concentrado diur.'!H53 -> P440 | I62: ='concentrado diur.'!I53 -> P398
A63: ='concentrado diur.'!A54 -> 305 | B63: ='concentrado diur.'!B54 -> 202 | C63: ='concentrado diur.'!C54 -> SEMESTRAL | D63: ='concentrado diur.'!D54 -> 0 | E63: ='concentrado diur.'!E54 -> 0 | F63: ='concentrado diur.'!F54 -> AP5 | G63: ='concentrado diur.'!G54 -> AP5 | H63: ='concentrado diur.'!H54 -> P466 | I63: ='concentrado diur.'!I54 -> P452
A64: ='concentrado diur.'!A55 -> 306 | B64: ='concentrado diur.'!B55 -> 201-9 | C64: ='concentrado diur.'!C55 -> MECATRONICA | D64: ='concentrado diur.'!D55 -> 0 | E64: ='concentrado diur.'!E55 -> 0 | F64: ='concentrado diur.'!F55 -> 1865 | G64: ='concentrado diur.'!G55 -> 2353 | H64: ='concentrado diur.'!H55 -> 1633 | I64: ='concentrado diur.'!I55 -> 2314
A65: ='concentrado diur.'!A56 -> 307 | B65: ='concentrado diur.'!B56 -> 701-8/801-9 | C65: ='concentrado diur.'!C56 -> FINANZAS | D65: ='concentrado diur.'!D56 -> 0 | E65: ='concentrado diur.'!E56 -> A166 | F65: ='concentrado diur.'!F56 -> A96 | G65: ='concentrado diur.'!G56 -> A96 | H65: ='concentrado diur.'!H56 -> A99 | I65: ='concentrado diur.'!I56 -> A238
A66: ='concentrado diur.'!A57 -> 308 | B66: ='concentrado diur.'!B57 -> 701-13/801-14 | C66: ='concentrado diur.'!C57 -> ELECTRO | D66: ='concentrado diur.'!D57 -> 5AM. 2BM | E66: ='concentrado diur.'!E57 -> A232 | F66: ='concentrado diur.'!F57 -> 2179 | G66: ='concentrado diur.'!G57 -> 2179 | H66: ='concentrado diur.'!H57 -> 0 | I66: ='concentrado diur.'!I57 -> 0
A67: ='concentrado diur.'!A58 -> 309 | B67: ='concentrado diur.'!B58 -> 301-8 | C67: ='concentrado diur.'!C58 -> NEGOCIOS | D67: ='concentrado diur.'!D58 -> 5EM | E67: ='concentrado diur.'!E58 -> A55 | F67: ='concentrado diur.'!F58 -> 2353 NI 101-13 | G67: ='concentrado diur.'!G58 -> 0 | H67: ='concentrado diur.'!H58 -> 0 | I67: ='concentrado diur.'!I58 -> 0
A68: ='concentrado diur.'!A59 -> 309-A | B68: ='concentrado diur.'!B59 -> 201-9/201-14 | C68: ='concentrado diur.'!C59 -> FINANZAS | D68: ='concentrado diur.'!D59 -> 0 | E68: ='concentrado diur.'!E59 -> A228 | F68: ='concentrado diur.'!F59 -> 1990 | G68: ='concentrado diur.'!G59 -> A97 | H68: ='concentrado diur.'!H59 -> 1060 | I68: ='concentrado diur.'!I59 -> 1060
A69: ='concentrado diur.'!A60 -> 310 | B69: ='concentrado diur.'!B60 -> 501-9 | C69: ='concentrado diur.'!C60 -> FINANZAS | D69: ='concentrado diur.'!D60 -> 2-ED | E69: ='concentrado diur.'!E60 -> 1782 | F69: ='concentrado diur.'!F60 -> 1782 | G69: ='concentrado diur.'!G60 -> A238 | H69: ='concentrado diur.'!H60 -> 1782 | I69: ='concentrado diur.'!I60 -> 1990
... A77: ='concentrado diur.'!A68 -> GESEL | B77: ='concentrado diur.'!B68 -> 701-8 | C77: ='concentrado diur.'!C68 -> PSICOLOGIA | D77: ='concentrado diur.'!D68 -> 0 | E77: ='concentrado diur.'!E68 -> 0 | F77: ='concentrado diur.'!F68 -> 1228 (382 101-8 PS | G77: ='concentrado diur.'!G68 -> 1228 CC (2023 101-8 ps | H77: ='concentrado diur.'!H68 -> A185 | I77: ='concentrado diur.'!I68 -> 2517
A80: =A54 -> REGISTRO DIARIO DE INCIDENCIAS
A81: =A55 -> PERIODO ENERO-ABRIL 2026
A82: TURNOS: MAT Y MAT ESP | D82: =FECHAS!D9 -> MARTES 10 DE FEBRERO DEL 2026 | G82: =G56 -> SEM 6 LIC
A83: =A57 -> Aula | B83: =B57 -> Gpo. | C83: =C57 -> Licenciatura | D83: =D57 -> Op | E83: =E57 -> 7:00 | F83: =F57 -> 8:00 | G83: =G57 -> 9:00 | H83: =H57 -> 10:00 | I83: =I57 -> 11:00
A84: =A5 -> CC1 | B84: =B5 -> 801-9 | C84: =C5 -> COMPUTACION | D84: =D5 -> 0 | E84: ='concentrado diur.'!J6 -> 436 | F84: ='concentrado diur.'!K6 -> 436 | G84: ='concentrado diur.'!L6 -> A38 SIM | H84: ='concentrado diur.'!M6 -> 0 | I84: ='concentrado diur.'!N6 -> 0
A85: =A6 -> CC2 | B85: =B6 -> 501-9 | C85: =C6 -> COMPUTACION | D85: =D6 -> 0 | E85: ='concentrado diur.'!J7 -> A161 | F85: ='concentrado diur.'!K7 -> 2503 SIM | G85: ='concentrado diur.'!L7 -> 2453 | H85: ='concentrado diur.'!M7 -> A38 SIM | I85: ='concentrado diur.'!N7 -> A38 SIM
A86: =A7 -> CC3 | B86: =B7 -> 0 | C86: =C7 -> 0 | D86: =D7 -> 0 | E86: ='concentrado diur.'!J8 -> 1228 201-14 NI | F86: ='concentrado diur.'!K8 -> 1228 NI 201-14 | G86: ='concentrado diur.'!L8 -> 1228 | H86: ='concentrado diur.'!M8 -> 0 | I86: ='concentrado diur.'!N8 -> 0
A87: =A8 -> CC4 | B87: =B8 -> 0 | C87: =C8 -> 0 | D87: =D8 -> 0 | E87: ='concentrado diur.'!J9 -> 2130 | F87: ='concentrado diur.'!K9 -> 335 | G87: ='concentrado diur.'!L9 -> 335 | H87: ='concentrado diur.'!M9 -> 0 | I87: ='concentrado diur.'!N9 -> 0
A88: =A9 -> CC5 | B88: =B9 -> 0 | C88: =C9 -> 0 | D88: =D9 -> 0 | E88: ='concentrado diur.'!J10 -> 634 201-14 ico | F88: ='concentrado diur.'!K10 -> 634 (201-14 ico) | G88: ='concentrado diur.'!L10 -> 0 | H88: ='concentrado diur.'!M10 -> 0 | I88: ='concentrado diur.'!N10 -> 0
A89: =A10 -> 1 | B89: =B10 -> 603 EAH | C89: =C10 -> SEMESTRAL | D89: =D10 -> 0 | E89: ='concentrado diur.'!J11 -> P398 | F89: ='concentrado diur.'!K11 -> AP20 | G89: ='concentrado diur.'!L11 -> AP20 | H89: ='concentrado diur.'!M11 -> P274 | I89: ='concentrado diur.'!N11 -> P456
A90: =A11 -> 2 | B90: =B11 -> 701-13/801-14/ 101-13 ic | C90: =C11 -> PSICOLOGIA | D90: =D11 -> 5BM Y 5DM, 11GD | E90: ='concentrado diur.'!J12 -> 2166 | F90: ='concentrado diur.'!K12 -> 2517 | G90: ='concentrado diur.'!L12 -> 2521 | H90: ='concentrado diur.'!M12 -> 1435 | I90: ='concentrado diur.'!N12 -> 1435
A91: =A12 -> 3 | B91: =B12 -> 1001-13/1101-14/211-9 | C91: =C12 -> PSICOLOGIA | D91: =D12 -> 11AM | E91: ='concentrado diur.'!J13 -> A121 | F91: ='concentrado diur.'!K13 -> A133 | G91: ='concentrado diur.'!L13 -> A133 | H91: ='concentrado diur.'!M13 -> A77 | I91: ='concentrado diur.'!N13 -> A77
A92: =A13 -> 4 | B92: =B13 -> 501-11 | C92: =C13 -> ELECTRO | D92: =D13 -> 0 | E92: ='concentrado diur.'!J14 -> 1662 | F92: ='concentrado diur.'!K14 -> 1662 | G92: ='concentrado diur.'!L14 -> 2314 | H92: ='concentrado diur.'!M14 -> 2154 | I92: ='concentrado diur.'!N14 -> 1567
A93: =A14 -> 5 | B93: =B14 -> 401-8/501-9 | C93: =C14 -> CIVIL | D93: =D14 -> 5AD | E93: ='concentrado diur.'!J15 -> 2353 | F93: ='concentrado diur.'!K15 -> A169 | G93: ='concentrado diur.'!L15 -> 1384 | H93: ='concentrado diur.'!M15 -> 2401 | I93: ='concentrado diur.'!N15 -> 1887
A94: =A15 -> 7 | B94: =B15 -> 401-8/501-9 | C94: =C15 -> NEGOCIOS | D94: =D15 -> 0 | E94: ='concentrado diur.'!J16 -> A198 | F94: ='concentrado diur.'!K16 -> 1836 | G94: ='concentrado diur.'!L16 -> 2353 | H94: ='concentrado diur.'!M16 -> 2040 | I94: ='concentrado diur.'!N16 -> 2040
A95: =A16 -> 8 | B95: =B16 -> 501-9/511-9 | C95: =C16 -> PSICOLOGIA | D95: =D16 -> 5BD | E95: ='concentrado diur.'!J17 -> 2531 | F95: ='concentrado diur.'!K17 -> 2521 | G95: ='concentrado diur.'!L17 -> A231 | H95: ='concentrado diur.'!M17 -> A231 | I95: ='concentrado diur.'!N17 -> 2166
... A100: =A21 -> 104 | B100: =B21 -> 403 | C100: =C21 -> SEMESTRAL | D100: =D21 -> 0 | E100: ='concentrado diur.'!J22 -> P463 | F100: ='concentrado diur.'!K22 -> P463 | G100: ='concentrado diur.'!L22 -> P398 | H100: ='concentrado diur.'!M22 -> AP4 | I100: ='concentrado diur.'!N22 -> P274
A102: =A80 -> REGISTRO DIARIO DE INCIDENCIAS
A103: =A81 -> PERIODO ENERO-ABRIL 2026
A104: TURNOS: MAT Y MAT ESP | D104: =D82 -> MARTES 10 DE FEBRERO DEL 2026 | G104: =G82 -> SEM 6 LIC
A105: =A83 -> Aula | B105: =B83 -> Gpo. | C105: =C83 -> Licenciatura | D105: =D83 -> Op | E105: =E83 -> 7:00 | F105: =F83 -> 8:00 | G105: =G83 -> 9:00 | H105: =H83 -> 10:00 | I105: =I83 -> 11:00
A106: =A27 -> 201 | B106: =B27 -> 701-8/801-9 | C106: =C27 -> INDUSTRIAL | D106: =D27 -> 8DB | E106: ='concentrado diur.'!J23 -> A89 | F106: ='concentrado diur.'!K23 -> A89 | G106: ='concentrado diur.'!L23 -> 2182 | H106: ='concentrado diur.'!M23 -> A250 | I106: ='concentrado diur.'!N23 -> A250
A107: =A28 -> 202 | B107: =B28 -> 1301-13/1401-14 | C107: =C28 -> NEGOCIOS | D107: =D28 -> 0 | E107: ='concentrado diur.'!J24 -> A55 | F107: ='concentrado diur.'!K24 -> 2472 | G107: ='concentrado diur.'!L24 -> 1060 | H107: ='concentrado diur.'!M24 -> 0 | I107: ='concentrado diur.'!N24 -> 0
A108: =A29 -> sim | B108: =B29 -> 0 | C108: =C29 -> 0 | D108: =D29 -> 0 | E108: ='concentrado diur.'!J25 -> 0 | F108: ='concentrado diur.'!K25 -> 2503 | G108: ='concentrado diur.'!L25 -> A38 | H108: ='concentrado diur.'!M25 -> A38 | I108: ='concentrado diur.'!N25 -> A38
A109: =A30 -> 204 | B109: =B30 -> 101-8 | C109: =C30 -> CIVIL | D109: =D30 -> 0 | E109: ='concentrado diur.'!J26 -> 2401 | F109: ='concentrado diur.'!K26 -> A183 | G109: ='concentrado diur.'!L26 -> 2231 | H109: ='concentrado diur.'!M26 -> 0 | I109: ='concentrado diur.'!N26 -> 0
A110: =A31 -> 205 | B110: =B31 -> 401-13/501-14 | C110: =C31 -> PSICOLOGIA | D110: =D31 -> 2AM, 8CD, 8FD | E110: ='concentrado diur.'!J27 -> 1633 | F110: ='concentrado diur.'!K27 -> 2395 | G110: ='concentrado diur.'!L27 -> 2395 | H110: ='concentrado diur.'!M27 -> A140 | I110: ='concentrado diur.'!N27 -> A140
A111: =A32 -> 206 | B111: =B32 -> 1001-13/1101-14 | C111: =C32 -> CIVIL | D111: =D32 -> 8BM | E111: ='concentrado diur.'!J28 -> A183 | F111: ='concentrado diur.'!K28 -> 1435 | G111: ='concentrado diur.'!L28 -> 1435 | H111: ='concentrado diur.'!M28 -> 0 | I111: ='concentrado diur.'!N28 -> 0
A112: =A33 -> 206 | B112: =B33 -> 0 | C112: =C33 -> 0 | D112: =D33 -> 8CM | E112: ='concentrado diur.'!J29 -> 0 | F112: ='concentrado diur.'!K29 -> 0 | G112: ='concentrado diur.'!L29 -> 0 | H112: ='concentrado diur.'!M29 -> 0 | I112: ='concentrado diur.'!N29 -> 0
A113: =A34 -> 207 | B113: =B34 -> 201-14 | C113: =C34 -> PSICOLOGIA | D113: =D34 -> 2DD, 8ED | E113: ='concentrado diur.'!J30 -> A139 | F113: ='concentrado diur.'!K30 -> A139 | G113: ='concentrado diur.'!L30 -> 2473 | H113: ='concentrado diur.'!M30 -> 2451 | I113: ='concentrado diur.'!N30 -> 2451
A114: =A35 -> 208 | B114: =B35 -> 801-14 | C114: =C35 -> CIVIL | D114: =D35 -> 5DM | E114: ='concentrado diur.'!J31 -> A77 | F114: ='concentrado diur.'!K31 -> A77 | G114: ='concentrado diur.'!L31 -> S 211 | H114: ='concentrado diur.'!M31 -> 0 | I114: ='concentrado diur.'!N31 -> 0
A115: =A36 -> 209 | B115: =B36 -> 501-14 | C115: =C36 -> CIVIL | D115: =D36 -> 0 | E115: ='concentrado diur.'!J32 -> A169 | F115: ='concentrado diur.'!K32 -> 2467 | G115: ='concentrado diur.'!L32 -> 2467 | H115: ='concentrado diur.'!M32 -> 0 | I115: ='concentrado diur.'!N32 -> 0
A116: =A37 -> 210 | B116: =B37 -> 401-8/101-8 IIA | C116: =C37 -> CIVIL | D116: =D37 -> 0 | E116: ='concentrado diur.'!J33 -> A95 | F116: ='concentrado diur.'!K33 -> A95 | G116: ='concentrado diur.'!L33 -> A95 | H116: ='concentrado diur.'!M33 -> 2231 | I116: ='concentrado diur.'!N33 -> 2231
A117: =A38 -> 211 | B117: =B38 -> 201-9 | C117: =C38 -> NEGOCIOS | D117: =D38 -> 8BD | E117: ='concentrado diur.'!J34 -> 2023 | F117: ='concentrado diur.'!K34 -> 2023 | G117: ='concentrado diur.'!L34 -> 1228 CC 1567 | H117: ='concentrado diur.'!M34 -> A122 | I117: ='concentrado diur.'!N34 -> A122
... A131: =A52 -> 221 | B131: =B52 -> 201-9 | C131: =C52 -> INDUSTRIAL | D131: =D52 -> 0 | E131: ='concentrado diur.'!J48 -> A164 | F131: ='concentrado diur.'!K48 -> 1581 | G131: ='concentrado diur.'!L48 -> 1581 | H131: ='concentrado diur.'!M48 -> 0 | I131: ='concentrado diur.'!N48 -> 0
A133: =A102 -> REGISTRO DIARIO DE INCIDENCIAS
A134: =A103 -> PERIODO ENERO-ABRIL 2026
A135: TURNOS: MAT Y MAT ESP | D135: =D104 -> MARTES 10 DE FEBRERO DEL 2026 | G135: =G104 -> SEM 6 LIC
A136: =A105 -> Aula | B136: =B105 -> Gpo. | C136: =C105 -> Licenciatura | D136: =D105 -> Op | E136: =E105 -> 7:00 | F136: =F105 -> 8:00 | G136: =G105 -> 9:00 | H136: =H105 -> 10:00 | I136: =I105 -> 11:00
A137: =A58 -> 301 | B137: =B58 -> 601 FMQB | C137: =C58 -> SEMESTRAL | D137: =D58 -> 0 | E137: ='concentrado diur.'!J49 -> AP37 | F137: ='concentrado diur.'!K49 -> AP37 | G137: ='concentrado diur.'!L49 -> P456 | H137: ='concentrado diur.'!M49 -> P463 | I137: ='concentrado diur.'!N49 -> P433
A138: =A59 -> 301-A | B138: =B59 -> 1301-13/1401-14 | C138: =C59 -> CIVIL | D138: =D59 -> 0 | E138: ='concentrado diur.'!J50 -> 2338 | F138: ='concentrado diur.'!K50 -> 2338 | G138: ='concentrado diur.'!L50 -> A43 | H138: ='concentrado diur.'!M50 -> 0 | I138: ='concentrado diur.'!N50 -> 0
A139: =A60 -> 302 | B139: =B60 -> 602 FMQB | C139: =C60 -> SEMESTRAL | D139: =D60 -> 0 | E139: ='concentrado diur.'!J51 -> P294 | F139: ='concentrado diur.'!K51 -> AP4 | G139: ='concentrado diur.'!L51 -> P463 | H139: ='concentrado diur.'!M51 -> AP37 | I139: ='concentrado diur.'!N51 -> P440
A140: =A61 -> 303 | B140: =B61 -> 402 | C140: =C61 -> SEMESTRAL | D140: =D61 -> 0 | E140: ='concentrado diur.'!J52 -> AP20 | F140: ='concentrado diur.'!K52 -> P398 | G140: ='concentrado diur.'!L52 -> P274 | H140: ='concentrado diur.'!M52 -> P453 | I140: ='concentrado diur.'!N52 -> P453
A141: =A62 -> 304 | B141: =B62 -> 201 | C141: =C62 -> SEMESTRAL | D141: =D62 -> 0 | E141: ='concentrado diur.'!J53 -> 0 | F141: ='concentrado diur.'!K53 -> P472 | G141: ='concentrado diur.'!L53 -> AP5 | H141: ='concentrado diur.'!M53 -> AP5 | I141: ='concentrado diur.'!N53 -> P452
A142: =A63 -> 305 | B142: =B63 -> 202 | C142: =C63 -> SEMESTRAL | D142: =D63 -> 0 | E142: ='concentrado diur.'!J54 -> 0 | F142: ='concentrado diur.'!K54 -> P440 | G142: ='concentrado diur.'!L54 -> P440 | H142: ='concentrado diur.'!M54 -> P398 | I142: ='concentrado diur.'!N54 -> AP36
A143: =A64 -> 306 | B143: =B64 -> 201-9 | C143: =C64 -> MECATRONICA | D143: =D64 -> 0 | E143: ='concentrado diur.'!J55 -> 1865 | F143: ='concentrado diur.'!K55 -> 1865 | G143: ='concentrado diur.'!L55 -> 2154 | H143: ='concentrado diur.'!M55 -> 0 | I143: ='concentrado diur.'!N55 -> 0
A144: =A65 -> 307 | B144: =B65 -> 701-8/801-9 | C144: =C65 -> FINANZAS | D144: =D65 -> 0 | E144: ='concentrado diur.'!J56 -> A166 | F144: ='concentrado diur.'!K56 -> A166 | G144: ='concentrado diur.'!L56 -> A228 | H144: ='concentrado diur.'!M56 -> 0 | I144: ='concentrado diur.'!N56 -> 0
A145: =A66 -> 308 | B145: =B66 -> 701-13/801-14 | C145: =C66 -> ELECTRO | D145: =D66 -> 5AM. 2BM | E145: ='concentrado diur.'!J57 -> 1662 004 | F145: ='concentrado diur.'!K57 -> A140 | G145: ='concentrado diur.'!L57 -> A140 | H145: ='concentrado diur.'!M57 -> 0 | I145: ='concentrado diur.'!N57 -> 0
A146: =A67 -> 309 | B146: =B67 -> 301-8 | C146: =C67 -> NEGOCIOS | D146: =D67 -> 5EM | E146: ='concentrado diur.'!J58 -> 1836 | F146: ='concentrado diur.'!K58 -> 2476 | G146: ='concentrado diur.'!L58 -> 2476 | H146: ='concentrado diur.'!M58 -> 0 | I146: ='concentrado diur.'!N58 -> 0
A147: =A68 -> 309-A | B147: =B68 -> 201-9/201-14 | C147: =C68 -> FINANZAS | D147: =D68 -> 0 | E147: ='concentrado diur.'!J59 -> A228 | F147: ='concentrado diur.'!K59 -> 1990 | G147: ='concentrado diur.'!L59 -> A97 | H147: ='concentrado diur.'!M59 -> 1433 | I147: ='concentrado diur.'!N59 -> 1433
...

Sheet concentrado diur.
A1: Concentrado General De Catedráticos Y Grupos.
A2: PERIODO ENERO-ABBRIL 2026
A3: MATUTINO 2026
A4: Aula | B4: Gpo. | C4: Licenciatura | D4: Opt | E4: Lunes | J4: Martes | O4: Miércoles | T4: Jueves | Y4: Viernes | AD4: Aula
E5: 7:00 | F5: 8:00 | G5: 9:00 | H5: 10:00 | I5: 11:00 | J5: 7:00 | K5: 8:00 | L5: 9:00 | M5: 10:00 | N5: 11:00 | O5: 7:00 | P5: 8:00 | Q5: 9:00 | R5: 10:00 | S5: 11:00 | T5: 7:00 | U5: 8:00 | V5: 9:00 | W5: 10:00 | X5: 11:00 | Y5: 7:00 | Z5: 8:00 | AA5: 9:00 | AB5: 10:00 | AC5: 11:00
A6: CC1 | B6: 801-9 | C6: COMPUTACION | E6: 1035 | F6: 1035 | G6: A144 | H6: A144 | J6: 436 | K6: 436 | L6: A38 SIM | O6: 1035 | P6: 2040 211 | Q6: 2040 209 | R6: A38 SIM | S6: A38 SIM | T6: A229 | U6: A229 | V6: A144 | Y6: 436 | Z6: 436 | AA6: A229 | AB6: 1517 | AC6: 1517 | AD6: =A6 -> CC1
A7: CC2 | B7: 501-9 | C7: COMPUTACION | E7: A161 | F7: 436 | G7: 436 | H7: 2453 | I7: 2453 | J7: A161 | K7: 2503 SIM | L7: 2453 | M7: A38 SIM | N7: A38 SIM | O7: A161 | P7: 2503 SIM | Q7: A38 SIM | R7: 1228 | T7: 335 | U7: 335 | V7: 2503 SIM | W7: 1567 S. 309A | X7: 1246 S 309-A | Y7: 335 | Z7: 335 | AA7: 436 | AC7: 1228 | AD7: =A7 -> CC2
A8: CC3 | E8: 1094 | F8: 1094 | G8: 1228 | H8: A238 | J8: 1228 201-14 NI | K8: 1228 NI 201-14 | L8: 1228 | O8: 634 | P8: 1094 | Q8: A144 | R8: A144 | S8: 1517 | T8: 1228 | U8: A97 | V8: A229 | Y8: 1228 | Z8: 2130 | AA8: A144 | AC8: A238 | AD8: =A8 -> CC3
A9: CC4 | E9: 2130 | F9: A229 | G9: A229 CC | H9: 2353 | J9: 2130 | K9: 335 | L9: 335 | O9: 1228 | P9: 1228 | S9: A144 | T9: 2130 | U9: 2130 | V9: 335 | Y9: 2101 | Z9: 2101 | AA9: 1228 | AD9: =A9 -> CC4
A10: CC5 | E10: 1581 | F10: A144 | J10: 634 201-14 ico | K10: 634 (201-14 ico) | O10: 2130 | P10: 2130 | T10: 1581 | U10: 1581 | V10: 1228 | Y10: 2130 | Z10: A229 | AD10: =A10 -> CC5
A11: 1 | B11: 603 EAH | C11: SEMESTRAL | E11: AP27 | F11: AP27 | G11: P274 | H11: P274 | I11: P433 | J11: P398 | K11: AP20 | L11: AP20 | M11: P274 | N11: P456 | O11: AP22 | P11: P294 | Q11: AP20 | R11: AP4 | S11: P274 | T11: P294 | U11: P466 | V11: P398 | W11: AP8 | X11: P433 | Y11: P294 | Z11: P398 | AA11: AP8 | AB11: AP8 | AC11: AP17 | AD11: =A11 -> 1
A12: 2 | B12: 701-13/801-14/ 101-13 ic | C12: PSICOLOGIA | D12: 5BM Y 5DM, 11GD | E12: A139 | F12: A139 | G12: 2517 | J12: 2166 | K12: 2517 | L12: 2521 | M12: 1435 | N12: 1435 | O12: 1836 | P12: A133 | Q12: A133 | T12: 2521 | U12: 2521 | V12: 2517 | W12: 1435 | X12: 1435 | Y12: 2166 | Z12: A133 | AA12: A133 | AD12: =A12 -> 2
A13: 3 | B13: 1001-13/1101-14/211-9 | C13: PSICOLOGIA | D13: 11AM | E13: A231 | F13: A231 | G13: 2124 | H13: 2353 CC | I13: 2353 | J13: A121 | K13: A133 | L13: A133 | M13: A77 | N13: A77 | O13: 2124 | P13: 2124 | Q13: 1456 | R13: S 315 | S13: 2023 | T13: 1456 | U13: A133 | V13: A133 | W13: 2231 | X13: 2231 | Y13: A121 | Z13: 1456 | AA13: 1633 | AB13: 2372 | AC13: 2372 | AD13: =A13 -> 3
A14: 4 | B14: 501-11 | C14: ELECTRO | E14: 1534 | F14: 1534 | G14: 2314 | H14: 2314 | I14: 2154 | J14: 1662 | K14: 1662 | L14: 2314 | M14: 2154 | N14: 1567 | O14: 1534 | P14: 1534 | Q14: 2154 | R14: A77 | S14: A77 | T14: 1662 | U14: 1662 | V14: 1662 | W14: 2314 | Y14: 1534 | Z14: 1534 | AA14: 2154 | AD14: =A14 -> 4
A15: 5 | B15: 401-8/501-9 | C15: CIVIL | D15: 5AD | E15: 2401 | F15: A169 | G15: A169 | H15: 1152 | I15: 1152 | J15: 2353 | K15: A169 | L15: 1384 | M15: 2401 | N15: 1887 | O15: A260 | P15: A260 | Q15: A77 | R15: 1846 | S15: 1846 | T15: A260 | U15: 1152 | V15: A77 | W15: 1384 | X15: 1887 | Y15: 1887 | Z15: 1887 | AA15: A77 | AB15: 1846 | AC15: 1846 | AD15: =A15 -> 5
A16: 7 | B16: 401-8/501-9 | C16: NEGOCIOS | E16: A198 | F16: 2472 | G16: A191 | H16: 1433 | I16: 1433 | J16: A198 | K16: 1836 | L16: 2353 | M16: 2040 | N16: 2040 | O16: A234 | P16: A234 | Q16: 1433 | T16: A198 | U16: 2472 | V16: 1433 | W16: 2040 | X16: 2040 | Y16: 2472 | Z16: A191 | AA16: A191 | AD16: =A16 -> 7
A17: 8 | B17: 501-9/511-9 | C17: PSICOLOGIA | D17: 5BD | F17: 2521 | G17: A231 | H17: 382 | I17: 2166 | J17: 2531 | K17: 2521 | L17: A231 | M17: A231 | N17: 2166 | O17: 2531 | P17: 1456 | Q17: 1524 | R17: 1433 | S17: 1433 | U17: 1456 | V17: 1524 | W17: 2353 | X17: A185 | Y17: 1456 | Z17: 2531 | AA17: 1524 | AB17: 1433 | AC17: 1433 | AD17: =A17 -> 8
A18: 9 | B18: 501-9 | C18: MECATRONICA | D18: 2CM, 5CD | E18: 1094 CC | F18: 1094 CC | G18: A163 | H18: A163 | I18: 2179 | J18: 2453 | K18: 2453 | L18: 2040 | M18: 2388 | N18: 2179 | O18: 1633 | P18: 1094 CC 2395 | Q18: A163 CC 2395 | R18: A133 | S18: A133 | T18: 2154 | U18: 2154 | V18: 2040 | W18: 2179 | X18: 2179 | Y18: 2388 | Z18: 2388 (2395) | AA18: 1567 (2395) | AB18: A133 | AC18: A133 | AD18: =A18 -> 9
A19: 101 | B19: 201-9 | C19: CIVIL | D19: 2CD | E19: 1517 | F19: 848 | G19: 2338 | H19: 2074 | I19: 2074 | J19: 245 | K19: 848 | L19: 2338 | M19: A160 | N19: A160 | O19: 848 | P19: 848 | Q19: 2338 | R19: 1633 | S19: 1517 CC | T19: 245 | U19: 245 | V19: 2338 | W19: A160 | X19: A160 | Y19: 848 | Z19: 1517 | AA19: 1517 | AB19: 2074 | AC19: 1567 | AD19: =A19 -> 101
A20: 102 | B20: 201-14 | C20: CIVIL | D20: 11FD, 5DD | E20: 848 | F20: 2074 | G20: 2074 | J20: 848 | K20: 1517 | L20: 1517 | M20: A133 | N20: A133 | O20: 245 | P20: 245 | Q20: 1633 | R20: 2476 | S20: 2476 | T20: 2338 | U20: 1517 | V20: 1517 | W20: A133 | X20: A133 | Y20: 2338 | Z20: 848 | AA20: 2074 | AB20: 2476 | AC20: 2476 | AD20: =A20 -> 102
A21: 103 | B21: 701-8/801-9 | C21: CIVIL | D21: 8AD | E21: A261 | F21: 2306 | G21: 1384 | H21: 1384 | I21: 2401 | J21: 1887 | K21: 1887 | L21: 1152 | M21: 2476 | N21: 2476 | O21: A261 | P21: A261 | Q21: 1076 | R21: 1076 | S21: 1887 | T21: A145 | U21: 2306 | V21: 2306 | W21: 2476 | X21: 2476 | Y21: A43 | Z21: A43 | AA21: 1384 | AB21: 1152 | AC21: A145 | AD21: =A21 -> 103
A22: 104 | B22: 403 | C22: SEMESTRAL | F22: P463 | G22: P463 | H22: P453 | I22: P453 | J22: P463 | K22: P463 | L22: P398 | M22: AP4 | N22: P274 | P22: P398 | Q22: P453 | R22: P463 | S22: AP37 | T22: AP20 | U22: AP20 | V22: P453 | W22: AP4 | X22: P453 | Y22: AP20 | Z22: P449 | AA22: P449 | AB22: AP37 | AC22: P398 | AD22: =A22 -> 104
A23: 201 | B23: 701-8/801-9 | C23: INDUSTRIAL | D23: 8DB | E23: 1562 | F23: 1562 | G23: 2453 | H23: A184 | I23: A184 | J23: A89 | K23: A89 | L23: 2182 | M23: A250 | N23: A250 | O23: 1562 | P23: 2182 | Q23: 2453 | R23: A184 | S23: 1246 | T23: A89 | U23: A89 | V23: 2182 | W23: A250 | X23: A250 | Y23: 1562 | Z23: 1562 | AA23: 2182 | AB23: A184 | AC23: A184 | AD23: =A23 -> 201
A24: 202 | B24: 1301-13/1401-14 | C24: NEGOCIOS | E24: 1357 | F24: A55 | G24: 1060 | J24: A55 | K24: 2472 | L24: 1060 | O24: 1303 | P24: 2472 | Q24: 1357 | T24: 2472 | U24: 1357 | V24: A55 | Y24: 1303 | Z24: 2472 | AA24: A55 | AD24: =A24 -> 202
A25: sim | K25: 2503 | L25: A38 | M25: A38 | N25: A38 | O25: 634 201-14 ico | P25: 2503 | Q25: A38 | R25: A38 | S25: A38 | T25: 2353 NI | U25: 2353 NI | V25: 2503 | Y25: 1517 | Z25: 2448 | AA25: 2448 | AD25: =A25 -> sim
A26: 204 | B26: 101-8 | C26: CIVIL | E26: 2338 | F26: 2338 | G26: S 207 | H26: S 313 | I26: S 313 | J26: 2401 | K26: A183 | L26: 2231 | O26: A183 | P26: 2338 | Q26: 2231 | R26: 2231 | S26: 2231 | T26: A171 | U26: A171 | V26: A171 | Z26: 2338 | AA26: A171 | AB26: S 309-A | AC26: 309-A | AD26: =A26 -> 204
A27: 205 | B27: 401-13/501-14 | C27: PSICOLOGIA | D27: 2AM, 8CD, 8FD | E27: 1303 | F27: 1303 | G27: A139 | J27: 1633 | K27: 2395 | L27: 2395 | M27: A140 | N27: A140 | O27: A139 | P27: 2531 | Q27: 2531 | R27: 2395 | S27: 2395 | T27: A139 | U27: 2395 | V27: 2395 | W27: A140 | X27: A140 | Y27: A139 | Z27: 1303 | AA27: 2531 | AB27: 2395 | AC27: 2395 | AD27: =A27 -> 205
A28: 206 | B28: 1001-13/1101-14 | C28: CIVIL | D28: 8BM | E28: A183 | F28: A261 | G28: A261 | J28: A183 | K28: 1435 | L28: 1435 | O28: A200 | P28: A200 | Q28: A261 | T28: 2306 | U28: 1435 | V28: 1435 | Y28: S 219 | Z28: 2306 | AA28: 2306 | AD28: =A28 -> 206
A29: 206 | D29: 8CM | AD29: =A29 -> 206
A30: 207 | B30: 201-14 | C30: PSICOLOGIA | D30: 2DD, 8ED | E30: 2325 | F30: 1581 | G30: 382 | J30: A139 | K30: A139 | L30: 2473 | M30: 2451 | N30: 2451 | O30: 2325 | P30: 1581 | Q30: 2473 | R30: 1435 | S30: 1435 | T30: 2325 | U30: A139 | V30: 1581 | W30: 2451 | X30: 2451 | Y30: 2325 | Z30: 2517 | AA30: 2517 | AB30: 1435 | AC30: 1435 | AD30: =A30 -> 207
A31: 208 | B31: 801-14 | C31: CIVIL | D31: 5DM | E31: A77 | F31: 1152 | G31: 1152 | J31: A77 | K31: A77 | L31: S 211 | O31: 2401 | P31: 1435 | Q31: 1435 | T31: 1384 | U31: 1384 | V31: 1152 | Y31: 2401 | Z31: 1435 | AA31: 1435 | AD31: =A31 -> 208
A32: 209 | B32: 501-14 | C32: CIVIL | E32: A169 | F32: A183 | G32: 2306 | J32: A169 | K32: 2467 | L32: 2467 | O32: 2306 | P32: 2306 | Q32: 2353 | T32: A169 | U32: 2467 | V32: 2467 | Y32: 2306 | Z32: A183 | AA32: A183 | AD32: =A32 -> 209
A33: 210 | B33: 401-8/101-8 IIA | C33: CIVIL | E33: 2182 IIA 2503 S 209 | F33: 1517 | G33: 1517 | H33: S 309-A | I33: S 309-A | J33: A95 | K33: A95 | L33: A95 | M33: 2231 | N33: 2231 | O33: 1517 | P33: 1517 | Q33: 1512 | R33: 1153 | S33: 1153 | T33: 1512 | U33: 1512 | V33: A95 | X33: 2306 | Y33: 2182 IIA 2503 S 215 | Z33: 1153 IIA 2503 S 215 | AA33: 1153 | AB33: S 309-A | AC33: 309-A | AD33: =A33 -> 210
A34: 211 | B34: 201-9 | C34: NEGOCIOS | D34: 8BD | E34: 2448 | F34: 2448 | G34: 992 | H34: 992 | I34: 992 | J34: 2023 | K34: 2023 | L34: 1228 CC 1567 | M34: A122 | N34: A122 | O34: 1228 CC | P34: 1228 CC | Q34: A96 | R34: 1246 | S34: 382 | T34: 2448 | U34: 1782 | V34: 1782 | W34: A122 | X34: A122 | Y34: 2448 | Z34: 1782 | AA34: 1782 | AB34: A96 | AC34: A96 | AD34: =A34 -> 211
A35: 212 | B35: 201-14 | C35: ELECTRO | E35: 2314 | F35: 2314 | J35: 1534 | K35: 335 cc | L35: 335 CC 1782 NI | M35: 992 NI | N35: 992 NI | O35: 1865 | P35: 1865 | Q35: 1836 | T35: 1534 | U35: 1534 | V35: 335 CC | Y35: 2314 | Z35: 2314 | AA35: 2314 | AD35: =A35 -> 212
A36: 213 | B36: 801-14 | C36: NEGOCIOS | E36: 2472 | F36: 1357 | G36: 1357 | J36: 2472 | K36: 2166 | L36: 1567 S 211 | O36: 2472 | T36: 2166 | U36: 2166 | V36: 1357 | Y36: 1357 | AD36: =A36 -> 213 | BJ36: <
A37: 214 | B37: 801-14 | C37: INDUSTRIAL | E37: 964 | F37: A89 | G37: A89 | J37: 2525 | K37: 2525 | L37: 964 | O37: A89 | T37: 964 | U37: 2525 | V37: 2525 | Y37: S 308 | AD37: =A37 -> 214
A38: 215 | B38: 1401-14 | C38: PSICOLOGIA | E38: 2124 | F38: 2124 | G38: A185 | J38: 2124 | K38: 2326 | L38: A185 | O38: 1456 | P38: 2326 | Q38: A185 | T38: 2326 | U38: 2326 | V38: 1456 | Y38: S 301-A | Z38: S 301-A | AA38: A185 | AD38: =A38 -> 215
A39: 216 | B39: 1301-13/1401-14 | C39: ELECTRO | E39: 2101 | F39: 2101 | G39: S 202 | J39: 2101 | K39: 2101 | L39: S 202 | O39: 2353 | P39: 2179 | Q39: 2179 | T39: 1865 | U39: 1865 | V39: 2179 | Y39: A79 | Z39: 1865 | AA39: 2179 | AD39: =A39 -> 216
A40: 217 | B40: 801-14 | C40: FINANZAS | E40: A99 | F40: A114 | G40: A99 | J40: A238 | K40: A238 | L40: A238 | M40: 436 | N40: 436 | O40: A99 | T40: A99 | U40: A114 | V40: A114 | W40: 436 | X40: 436 | Y40: S 308 | AD40: =A40 -> 217
A41: 217 | AD41: =A41 -> 217
A42: 217 | J42: 765 | K42: 765 | AD42: =A42 -> 217
A43: 217-A | B43: 1101-14 | C43: INDUSTRIAL | E43: 2130 CC | F43: 1633 | G43: 1633 | J43: 2130 CC | O43: 2130 CC | P43: 2130 CC | Q43: 98 | T43: 1633 | Y43: S 219 | Z43: 98 | AA43: 98 | AD43: =A43 -> 217-A
A44: 218 | B44: 201-14 | C44: NEGOCIOS | D44: 8-CM | E44: 992 | F44: 992 | G44: 1782 | J44: 1228 CC | K44: A122 8BM 1228 CC | L44: A122 8BM 1782 | O44: 992 | P44: 1782 | Q44: 1782 | R44: 1517 NI | T44: A166 | U44: A166 | V44: 1836 | Y44: A166 | Z44: A166 | AA44: 1228 CC | AD44: =A44 -> 218
A45: 219 | B45: 801-9 | C45: PSICOLOGIA | D45: 2BD | E45: 1581 CC | F45: 2326 | G45: 2372 | H45: 2517 | I45: 382 | J45: 2521 | K45: 2473 | L45: 382 | M45: 2467 | N45: 2467 | O45: 2473 | P45: 2473 | Q45: 2521 | R45: 2372 | S45: 2372 | T45: 1581 CC | U45: 1581 CC | V45: 2521 | W45: 2467 | X45: 2467 | Y45: 1567 | Z45: 1581 | AA45: 2372 | AB45: 2517 | AC45: 2326 | AD45: =A45 -> 219
A46: 219-A | B46: 701-13/801-14 | C46: MECATRONICA | E46: 2154 | F46: 2154 | G46: 2154 | J46: 2388 1517 ni | K46: 2388 992 ni | L46: 2388 | O46: 2101 | T46: 2101 | U46: 2101 | V46: 2154 | Y46: S 308 | AD46: =A46 -> 219-A
A47: 220 | B47: 701-8/801-9 | C47: NEGOCIOS | E47: A230 | F47: A230 | G47: A55 | H47: 2023 | I47: 2023 | J47: 421 | K47: 2312 | L47: 2312 | O47: A237 | P47: A55 | Q47: 2312 | R47: A234 | T47: A230 | U47: A55 | V47: 421 | Y47: A55 | Z47: A237 | AA47: A237 | AB47: A234 | AC47: A234 | AD47: =A47 -> 220
A48: 221 | B48: 201-9 | C48: INDUSTRIAL | E48: A164 | F48: A164 | G48: 1581 | H48: A89 | I48: 1633 | J48: A164 | K48: 1581 | L48: 1581 | O48: A164 | P48: A164 | Q48: 1581 | R48: A89 | S48: A89 | T48: 2130 CC 765 | U48: 2130 CC 765 | V48: A89 | Y48: 2130 CC | Z48: 2130 CC | AA48: 1581 | AB48: 964 | AC48: 964 | AD48: =A48 -> 221
A49: 301 | B49: 601 FMQB | C49: SEMESTRAL | E49: AP35 | F49: P453 | G49: AP4 | H49: P456 | I49: AP8 | J49: AP37 | K49: AP37 | L49: P456 | M49: P463 | N49: P433 | O49: P463 | P49: P463 | Q49: P294 | R49: P453 | S49: P456 | T49: AP5 | U49: P294 | V49: P294 | W49: P453 | X49: AP8 | Y49: AP35 | Z49: AP35 | AA49: P347 | AB49: P347 | AC49: AP8 | AD49: =A49 -> 301
A50: 301-A | B50: 1301-13/1401-14 | C50: CIVIL | E50: 1887 | F50: 1887 | G50: A43 | J50: 2338 | K50: 2338 | L50: A43 | O50: A145 | P50: A145 | Q50: A43 | T50: A183 | U50: A183 | V50: A145 | Y50: 1060 | Z50: 1060 | AA50: 2338 | AD50: =A50 -> 301-A
A51: 302 | B51: 602 FMQB | C51: SEMESTRAL | E51: P294 | F51: AP35 | G51: P453 | H51: P463 | I51: P456 | J51: P294 | K51: AP4 | L51: P463 | M51: AP37 | N51: P440 | O51: P294 | P51: P453 | Q51: P463 | R51: P440 | S51: P440 | T51: AP35 | U51: AP35 | V51: P449 | W51: P449 | X51: P466 | Y51: P347 | Z51: P347 | AA51: AP37 | AB51: P449 | AC51: AP5 | AD51: =A51 -> 302
A52: 303 | B52: 402 | C52: SEMESTRAL | E52: AP20 | F52: AP20 | G52: P466 | H52: P398 | I52: P440 | J52: AP20 | K52: P398 | L52: P274 | M52: P453 | N52: P453 | O52: P453 | P52: P440 | Q52: AP4 | R52: P274 | S52: P449 | U52: P449 | V52: AP22 | W52: P274 | X52: P274 | Z52: P440 | AA52: P398 | AB52: AP22 | AC52: AP22 | AD52: =A52 -> 303
A53: 304 | B53: 201 | C53: SEMESTRAL | E53: 2521 101-8 PS | F53: AP4 | G53: P440 | H53: P440 | I53: P398 | K53: P472 | L53: AP5 | M53: AP5 | N53: P452 | P53: P472 | Q53: P398 | R53: P398 | S53: AP5 | U53: P440 | V53: P466 | W53: AP22 | X53: P452 | Z53: AP22 | AA53: AP22 | AB53: P440 | AC53: P440 | AD53: =A53 -> 304
A54: 305 | B54: 202 | C54: SEMESTRAL | F54: AP5 | G54: AP5 | H54: P466 | I54: P452 | K54: P440 | L54: P440 | M54: P398 | N54: AP36 | O54: 2448 NI | P54: AP4 | Q54: P440 | R54: AP22 | S54: P452 | U54: AP22 | V54: P440 | W54: P398 | X54: P398 | Z54: P472 | AA54: P440 | AB54: AP5 | AC54: P452 | AD54: =A54 -> 305
A55: 306 | B55: 201-9 | C55: MECATRONICA | F55: 1865 | G55: 2353 | H55: 1633 | I55: 2314 | J55: 1865 | K55: 1865 | L55: 2154 | P55: 2101 | Q55: 2314 | R55: 2314 | S55: 2314 | T55: 2388 | U55: 2388 | V55: 2388 | Y55: 2101 CC | Z55: 2101 CC | AA55: 2388 | AB55: 2154 | AC55: 2154 | AD55: =A55 -> 306
A56: 307 | B56: 701-8/801-9 | C56: FINANZAS | E56: A166 | F56: A96 | G56: A96 | H56: A99 | I56: A238 | J56: A166 | K56: A166 | L56: A228 | O56: 2040 | P56: A96 | Q56: A228 | R56: A99 | S56: A238 | T56: 2040 | U56: A228 | V56: A166 | Y56: 2040 | Z56: A228 | AA56: A96 | AB56: A99 | AC56: A238 CC | AD56: =A56 -> 307
A57: 308 | B57: 701-13/801-14 | C57: ELECTRO | D57: 5AM. 2BM | E57: A232 | F57: 2179 | G57: 2179 | J57: 1662 004 | K57: A140 | L57: A140 | O57: A232 | P57: A140 | Q57: A140 | T57: 1662 004 | U57: A140 | V57: A140 | Y57: 1633 | Z57: A140 | AA57: A140 | AD57: =A57 -> 308
A58: 309 | B58: 301-8 | C58: NEGOCIOS | D58: 5EM | E58: A55 | F58: 2353 NI 101-13 | J58: 1836 | K58: 2476 | L58: 2476 | O58: A55 | P58: 1836 | T58: A55 | U58: 2476 | V58: 2476 | AD58: =A58 -> 309
A59: 309-A | B59: 201-9/201-14 | C59: FINANZAS | E59: A228 | F59: 1990 | G59: A97 | H59: 1060 | I59: 1060 | J59: A228 | K59: 1990 | L59: A97 | M59: 1433 | N59: 1433 | O59: 1782 | P59: 1990 | Q59: A97 | R59: A144 CC | S59: A144 CC | T59: 1782 | U59: A96 | V59: A96 | W59: 1433 | X59: 1433 | Y59: 1782 | Z59: A96 | AA59: A144 CC | AB59: 1060 | AC59: 1633 | AD59: =A59 -> 309-A
A60: 310 | B60: 501-9 | C60: FINANZAS | D60: 2-ED | E60: 1782 | F60: 1782 | G60: A238 | H60: 1782 | I60: 1990 | K60: A114 | L60: A114 | O60: 1357 | P60: A144 CC | Q60: A144 CC | T60: 1357 | U60: 1990 | V60: A238 | W60: S 313 | X60: S 313 | Z60: 1990 | AA60: A238 | AD60: =A60 -> 310
A61: 311 | B61: 401 | C61: SEMESTRAL | F61: P294 | G61: P398 | H61: AP8 | I61: P466 | J61: AP4 | K61: P294 | L61: P294 | M61: AP8 | N61: AP27 | O61: AP20 | P61: AP20 | Q61: AP36 | R61: AP27 | S61: AP27 | T61: P398 | U61: AP8 | V61: AP20 | W61: AP27 | X61: AP27 | Z61: P294 | AA61: AP5 | AB61: P398 | AC61: P449 | AD61: =A61 -> 311
A62: 312 | B62: 201-14/201-9 | C62: COMPUTACION | D62: 2ED | E62: A229 | F62: A229 CC | G62: A229 CC | H62: 309-A | J62: A74 | K62: A74 | L62: 2503 | M62: A36 | N62: A36 | O62: A74 | P62: A166 | Q62: A166 | T62: 2503 | U62: 2503 | V62: A229 CC | W62: A36 | X62: A36 | Y62: A229 | Z62: A229 | AA62: 2503 | AB62: S 309-A | AC62: A166 | AD62: =A62 -> 312
A63: 313 | B63: 101-14/101-8 | C63: FINANZAS | D63: 5ED | E63: A144 | F63: 2182 | G63: 2448 | H63: 1246 | I63: 1246 | J63: A144 | K63: 2182 | L63: 2448 | O63: 2182 | P63: A238 | Q63: 2448 | R63: 98 | S63: 98 | T63: A238 CC | U63: A122 8BM FZ A97 CC | V63: A 122 8BM A97 CC | W63: 1567 | X63: 1246 | Y63: A144 | Z63: A97 | AA63: 1836 | AB63: 1567 | AC63: 309-A | AD63: =A63 -> 313
A64: 314 | B64: 501-9 | C64: INDUSTRIAL | E64: 1865 | F64: 2525 | G64: 2525 | H64: A97 | I64: A97 | J64: 1562 | K64: 382 | L64: 1633 | M64: 1633 | N64: 2280 | O64: 2525 | P64: 1562 | Q64: 1865 | T64: 1562 | U64: 1562 | V64: 1633 | W64: A97 | X64: 2280 | Y64: 2525 | Z64: 1633 | AA64: 1865 | AD64: =A64 -> 314
A65: 315 | B65: 201-9 | C65: PSICOLOGIA | D65: 2AD | E65: 2023 | F65: A185 | G65: A114 | H65: A114 | I65: S 313 | J65: 1581 | K65: A185 | L65: 2023 | M65: 2395 | N65: 2395 | O65: 1581 | P65: A185 | Q65: 2023 | R65: 2353 | S65: 2517 | T65: 2517 | U65: 2531 | V65: 2531 | W65: 2395 | X65: 2395 | Y65: 1581 | Z65: A114 | AA65: A114 | AB65: 2531 | AC65: 2531 | AD65: =A65 -> 315
A66: 315-A | B66: 101-8 | C66: MECATRONICA | E66: 2453 | F66: 2453 | G66: A244 | H66: S 309-A | I66: S 309-A | J66: 2314 | K66: A163 | L66: A163 | O66: 2453 | P66: 2453 | Q66: A244 | R66: 2154 | S66: 2154 | T66: 2314 | U66: 2314 | V66: 2314 | Y66: 2154 | Z66: 2154 | AA66: S 313 | AB66: S 309-A | AC66: 309-A | AD66: =A66 -> 315-A
A67: 316 | B67: 501-14 | C67: NEGOCIOS | D67: 8AM | E67: 2166 | F67: 2166 | G67: 2182 | J67: 2182 | K67: A160 | L67: A160 | O67: A244 | P67: A244 | Q67: 2353 S. 009 | T67: 2182 | U67: A160 | V67: A160 | Y67: A244 | Z67: 2166 | AA67: A244 | AD67: =A67 -> 316 | AI67: |
A68: GESEL | B68: 701-8 | C68: PSICOLOGIA | F68: 1228 (382 101-8 PS | G68: 1228 CC (2023 101-8 ps | H68: A185 | I68: 2517 | J68: 2473 | K68: 2124 | L68: 2517 | O68: 2517 | P68: 382 | Q68: 382 | R68: 2473 | S68: 2473 | T68: 2124 | U68: 2124 | V68: 1228 CC | Y68: 1228 CC | Z68: A185 | AA68: 1456 | AB68: 1456 | AC68: 2517 | AD68: =A68 -> GESEL
W219: =-'[1]concentrado nocturno'!$AC$28 -> 0
A287: ='concentrado diur.'!A38 -> 215
W2554: -

Sheet FECHAS
D8: LUNES 09 DE FEBRERO DEL 2026 | G8: SEM 6 LIC | H8: SEM 4 VAC
D9: MARTES 10 DE FEBRERO DEL 2026
D10: MIERCOLES 11 DE FEBRERO DEL 2026
D11: JUEVES 12 DE FEBRERO DEL 2026
D12: VIERNES 13 DE FEBRERO DEL 2026

Sheet Hoja4
