Workbook

Sheet diur2
A1: Concentrado General De Catedráticos Y Grupos.
A2: PERIODO ENERO-ABRIL 2026
A3: MATUTINO 2026
A4: Aula | B4: Gpo. | C4: Licenciatura | D4: Opt | E4: Lunes | H4: Martes | K4: Miércoles | N4: Jueves | Q4: Viernes | T4: Aula
E5: 12:00 | F5: 13:00 | G5: 14:00 | H5: 12:00 | I5: 13:00 | J5: 14:00 | K5: 12:00 | L5: 13:00 | M5: 14:00 | N5: 12:00 | O5: 13:00 | P5: 14:00 | Q5: 12:00 | R5: 13:00 | S5: 14:00
A6: 004 | B6: 601-8 | C6: NEGOCIOS | E6: 2166 | K6: 2166 | T6: =A6 -> 004
A7: 007 | B7: 501-8 | C7: NEGOCIOS | E7: 1246 | H7: 2166 | K7: 1228 | N7: 1246 | T7: =A7 -> 007
A8: 102 | B8: 201-8 | C8: CIVIL | E8: 1246 | H8: 2231 | K8: 2074 | N8: 2074 | Q8: 2074 | T8: =A8 -> 102
A9: 104 | B9: 303 | C9: SEMESTRAL | E9: P453 | F9: P453 | H9: AP5 | I9: P274 | K9: P274 | L9: P274 | N9: AP27 | O9: P449 | Q9: P449 | R9: P449 | T9: =A9 -> 104
A10: 207 | B10: 411-9 | C10: PSICOLOGIA | E10: 2422 | F10: 2409 | H10: 2326 | I10: 2531 | K10: 2409 | L10: 2409 | N10: 2531 | Q10: 2326 | R10: 2531 | T10: =A10 -> 207
A11: 204 | B11: 111-9 | C11: PSICOLOGIA | E11: 2023 | F11: 1060 | G11: 1228 | H11: 2531 | I11: 2422 | J11: 2353 | K11: 2023 | L11: 2531 | M11: 2531 | N11: 2422 | O11: 2353 | P11: 2353 | Q11: 1060 | R11: 1060 | S11: 1228 | T11: =A11 -> 204
A12: 302 | B12: 502 | C12: SEMESTRAL | D12: FMQB | E12: P413 | F12: P413 | H12: P347 | I12: P347 | K12: AP27 | N12: P440 | O12: AP22 | Q12: AP27 | R12: P413 | T12: =A12 -> 302
A13: 303 | B13: 302 | C13: SEMESTRAL | E13: P449 | F13: P449 | H13: AP27 | I13: AP20 | K13: P449 | N13: AP20 | O13: AP20 | Q13: AP20 | T13: =A13 -> 303
A14: 304 | B14: 101 | C14: SEMESTRAL | E14: P452 | F14: P452 | H14: P2396 | I14: AP21 | K14: AP21 | L14: AP21 | N14: P452 | O14: P2396 | Q14: P452 | R14: P452 | T14: =A14 -> 304
A15: 305 | B15: 102 | C15: SEMESTRAL | E15: AP17 | F15: AP21 | H15: AP22 | I15: AP22 | K15: P452 | L15: P452 | N15: P466 | O15: P452 | Q15: AP17 | R15: AP17 | T15: =A15 -> 305
A16: 306 | T16: =A16 -> 306
A17: 301 | B17: 501 | C17: SEMESTRAL | D17: FMQB | E17: P466 | F17: AP20 | H17: A921 | I17: A927 | K17: P413 | L17: P413 | N17: AP5 | O17: AP5 | Q17: P413 | R17: AP8 | T17: =A17 -> 301
A18: 311 | B18: 301 | C18: SEMESTRAL | E18: P274 | F18: P274 | H18: P274 | I18: P453 | K18: P347 | L18: P347 | N18: P449 | Q18: AP21 | T18: =A18 -> 311
A19: 001 | B19: 503 | C19: SEMESTRAL | D19: EAH | E19: AP27 | F19: P347 | H19: AP8 | I19: AP5 | K19: AP17 | L19: AP22 | N19: AP22 | O19: P347 | Q19: AP8 | R19: AP5 | T19: =A19 -> 001
T20: =A20 -> 0
A273: =diur2!#REF! -> #REF!

Sheet bitacora diurno
A1: REGISTRO DIARIO DE INCIDENCIAS
A2: PERIODO ENERO- ABRIL 2026
A3: TURNOS: MAT Y MAT ESP | D3: =FECHAS!D8 -> LUNES 23 DE FEBRERO DEL 2026 | F3: =FECHAS!G8 -> SEM 8 LIC | G3: =FECHAS!H8 -> SEM 2 SEM
A4: =diur2!A4 -> Aula | B4: =diur2!B4 -> Gpo. | C4: =diur2!C4 -> Licenciatura | D4: =diur2!D4 -> Opt | E4: 0.5 | F4: 0.54166667 | G4: 0.58333333
A5: 001 | B5: 603 EAH | C5: SEMESTRAL | E5: P456 | F5: P456 | G5: =diur2!G2 -> 0
A6: 002 | B6: 211-9 | C6: PSICOLOGIA | D6: =diur2!D5 -> 0 | E6: 1246 | F6: 2372 | G6: 2372
A8: =diur2!A6 -> 004 | B8: 401-8 | C8: =diur2!C6 -> NEGOCIOS | E8: 2166 | F8: =diur2!F6 -> 0 | G8: =diur2!G6 -> 0
A9: 008 | B9: 511-9 | C9: PSICOLOGIA | E9: 2372 | F9: =diur2!F7 -> 0 | G9: =diur2!G7 -> 0
A10: 102 | C10: INGLES | F10: =diur2!F8 -> 0 | G10: =diur2!G8 -> 0
A11: =diur2!A9 -> 104 | B11: 202 | C11: =diur2!C9 -> SEMESTRAL | E11: AP17 | F11: AP17 | G11: =diur2!G9 -> 0
A12: 204 | B12: 101-8 | C12: CIVIL | E12: 2401
A13: 206 | B13: 701-8 | C13: CIVIL
A14: 210 | B14: 401-8 | C14: CIVIL | E14: 2306
A15: 301 | B15: 601 FMQB | C15: SEMESTRAL | E15: P466 | F15: AP38
A16: =diur2!A12 -> 302 | B16: 602 FMQB | C16: =diur2!C12 -> SEMESTRAL | E16: P433 | F16: P347
A17: =diur2!A13 -> 303 | B17: 402 | C17: =diur2!C13 -> SEMESTRAL | E17: AP38 | F17: AP22
A18: =diur2!A14 -> 304 | B18: 201 | C18: =diur2!C14 -> SEMESTRAL | E18: P452 | F18: P452
A19: 305 | B19: 403 | C19: SEMESTRAL | E19: P274 | F19: AP8
A20: =diur2!A18 -> 311 | B20: 401 | C20: =diur2!C18 -> SEMESTRAL | E20: AP36 | F20: AP36
A21: 313 | B21: 101-8 | C21: FINANZAS | E21: A238
A22: =diur2!A20 -> 0 | B22: =diur2!B20 -> 0 | C22: =diur2!C20 -> 0 | D22: =diur2!D20 -> 0 | E22: =diur2!E20 -> 0 | F22: =diur2!F20 -> 0 | G22: =diur2!G20 -> 0
A25: =A1 -> REGISTRO DIARIO DE INCIDENCIAS
A26: =A2 -> PERIODO ENERO- ABRIL 2026
A27: TURNOS: MAT Y MAT ESP | D27: =FECHAS!D9 -> MARTES 24 DE FEBRERO DEL 2026 | F27: =F3 -> SEM 8 LIC | G27: =G3 -> SEM 2 SEM
A28: =A4 -> Aula | B28: =B4 -> Gpo. | C28: =C4 -> Licenciatura | D28: =D4 -> Opt | E28: 0.5 | F28: 0.54166667 | G28: 0.58333333
A29: 001 | B29: 603 EAH | C29: SEMESTRAL | E29: AP17 | F29: AP17
A30: =A6 -> 002 | B30: =B6 -> 211-9 | C30: =C6 -> PSICOLOGIA | D30: =D6 -> 0 | E30: 2023 | F30: 2409 | G30: 2409
A31: 004 | D31: =D2 -> 0 | G31: =diur2!J3 -> 0
A32: =A8 -> 004 | B32: =B8 -> 401-8 | C32: =C8 -> NEGOCIOS | D32: =D8 -> 0 | E32: 2166 | F32: =diur2!I6 -> 0 | G32: =diur2!J6 -> 0
A33: =A9 -> 008 | B33: =B9 -> 511-9 | C33: =C9 -> PSICOLOGIA | D33: =D9 -> 0 | E33: 2473 | F33: =diur2!I7 -> 0 | G33: =diur2!J7 -> 0
A34: =A10 -> 102 | B34: =B10 -> 0 | C34: =C10 -> INGLES | D34: =D10 -> 0 | E34: 1433 | F34: =diur2!I8 -> 0 | G34: =diur2!J8 -> 0
A35: =A11 -> 104 | B35: =B11 -> 202 | C35: =C11 -> SEMESTRAL | D35: =D11 -> 0 | E35: AP17 | F35: AP17 | G35: =diur2!J9 -> 0
A36: 204 | B36: 101-8 | C36: =C13 -> CIVIL
A37: 206 | B37: 701-8 | C37: =C13 -> CIVIL
A38: 210 | B38: 401-8 | C38: =C14 -> CIVIL | E38: 2231
A39: 301 | B39: 601 FMQB | C39: SEMESTRAL | E39: P440 | F39: P347
A40: =A16 -> 302 | B40: =B16 -> 602 FMQB | C40: =C16 -> SEMESTRAL | E40: P433 | F40: AP38 | G40: =diur2!J12 -> 0
A41: =A17 -> 303 | B41: =B17 -> 402 | C41: =C17 -> SEMESTRAL | E41: AP5 | F41: P440 | G41: =diur2!J13 -> 0
A42: =A18 -> 304 | B42: =B18 -> 201 | C42: =C18 -> SEMESTRAL | D42: =D13 -> 0 | E42: AP36 | F42: AP36 | G42: =diur2!J14 -> 0
A43: =A19 -> 305 | B43: =B19 -> 403 | C43: =C19 -> SEMESTRAL | D43: =D16 -> 0 | E43: AP39 | F43: AP5 | G43: =diur2!J16 -> 0
A44: =A20 -> 311 | B44: =B20 -> 401 | C44: =C20 -> SEMESTRAL | D44: =D18 -> 0 | E44: P274 | F44: P274 | G44: =diur2!J18 -> 0
A45: =A21 -> 313 | B45: =B21 -> 101-8 | C45: =C21 -> FINANZAS | E45: S 102
A46: =A22 -> 0 | B46: =B22 -> 0 | C46: =C22 -> 0 | D46: =D19 -> 0 | E46: =diur2!H20 -> 0 | F46: =diur2!I20 -> 0 | G46: =diur2!J20 -> 0
A48: REGISTRO DIARIO DE INCIDENCIAS
A49: =A26 -> PERIODO ENERO- ABRIL 2026
A50: TURNOS: MAT Y MAT ESP | D50: =FECHAS!D10 -> MIERCOLES 25 DE FEBRERO DEL 2026 | F50: =F27 -> SEM 8 LIC | G50: =G27 -> SEM 2 SEM
A51: =diur2!A4 -> Aula | B51: =diur2!B4 -> Gpo. | C51: =diur2!C4 -> Licenciatura | D51: =diur2!D4 -> Opt | E51: 0.5 | F51: 0.54166667 | G51: 0.58333333
A52: 001 | B52: 603 EAH | C52: SEMESTRAL | E52: P433 | F52: P433
A53: =A30 -> 002 | B53: =B30 -> 211-9 | C53: =C30 -> PSICOLOGIA | D53: =D30 -> 0 | E53: 2023 | F53: 2473 | G53: 2473
A54: 004 | G54: =diur2!M3 -> 0
A55: =A32 -> 004 | B55: =B32 -> 401-8 | C55: =C32 -> NEGOCIOS | D55: =D32 -> 0 | G55: =diur2!M6 -> 0
A56: =A33 -> 008 | B56: =B33 -> 511-9 | C56: =C33 -> PSICOLOGIA | D56: =D33 -> 0 | E56: 2473 | F56: 2372 | G56: =diur2!M7 -> 0
A57: =A34 -> 102 | B57: =B34 -> 0 | C57: =C34 -> INGLES | D57: =D34 -> 0 | E57: 1433 | F57: =diur2!L8 -> 0 | G57: =diur2!M8 -> 0
A58: =A35 -> 104 | B58: =B35 -> 202 | C58: =C35 -> SEMESTRAL | D58: =D35 -> 0 | E58: AP36 | F58: AP36 | G58: =diur2!M9 -> 0
A59: =A36 -> 204 | B59: =B36 -> 101-8 | C59: =C36 -> CIVIL | D59: =D36 -> 0 | E59: S 102
A60: 206 | B60: 701-8 | C60: CIVIL | E60: 2401
A61: =A38 -> 210 | B61: =B38 -> 401-8 | C61: =C38 -> CIVIL | D61: =D38 -> 0 | E61: 2231
A62: 301 | B62: 601 FMQB | C62: SEMESTRAL | E62: P440 | F62: P347
A63: =A40 -> 302 | B63: =B40 -> 602 FMQB | C63: =C40 -> SEMESTRAL | D63: =D40 -> 0 | E63: P456 | F63: P456 | G63: =diur2!M12 -> 0
A64: =A41 -> 303 | B64: =B41 -> 402 | C64: =C41 -> SEMESTRAL | D64: =D41 -> 0 | E64: P452 | F64: P452 | G64: =diur2!M13 -> 0
A65: =A42 -> 304 | B65: =B42 -> 201 | C65: =C42 -> SEMESTRAL | D65: =D42 -> 0 | E65: AP17 | F65: AP17 | G65: =diur2!M14 -> 0
A66: =A43 -> 305 | B66: =B43 -> 403 | C66: =C43 -> SEMESTRAL | D66: =D43 -> 0 | E66: P274 | F66: P449 | G66: =diur2!M16 -> 0
A67: =A44 -> 311 | B67: =B44 -> 401 | C67: =C44 -> SEMESTRAL | D67: =D44 -> 0 | E67: P449 | F67: P274 | G67: =diur2!M18 -> 0
A68: =A45 -> 313 | B68: =B45 -> 101-8 | C68: =C45 -> FINANZAS | E68: S 102 | G68: =diur2!M19 -> 0
A69: =A46 -> 0 | B69: =B46 -> 0 | C69: =C46 -> 0 | D69: =D46 -> 0 | E69: =diur2!K20 -> 0 | F69: =diur2!L20 -> 0 | G69: =diur2!M20 -> 0
A70: =A46 -> 0 | B70: =B46 -> 0 | C70: =C46 -> 0 | D70: =D46 -> 0 | E70: =diur2!K21 -> 0 | F70: =diur2!L21 -> 0 | G70: =diur2!M21 -> 0
A72: REGISTRO DIARIO DE INCIDENCIAS
A73: =A49 -> PERIODO ENERO- ABRIL 2026
A74: TURNOS: MAT Y MAT ESP | D74: =FECHAS!D11 -> JUEVES 26 DE FEBRERO DEL 2026 | F74: =F50 -> SEM 8 LIC | G74: =G50 -> SEM 2 SEM
A75: =A51 -> Aula | B75: =B51 -> Gpo. | C75: =C51 -> Licenciatura | D75: =D51 -> Opt | E75: 0.5 | F75: 0.54166667 | G75: 0.58333333
A76: 001 | B76: 603 EAH | C76: SEMESTRAL | E76: AP22 | F76: AP27
A77: =A53 -> 002 | B77: =B53 -> 211-9 | C77: =C53 -> PSICOLOGIA | D77: =D53 -> 0 | E77: 2353 | F77: 2409 | G77: 2409
A78: 004 | G78: =diur2!P3 -> 0
A79: =A55 -> 004 | B79: =B55 -> 401-8 | C79: =C55 -> NEGOCIOS | D79: =D55 -> 0 | E79: 2166 | F79: =diur2!O6 -> 0 | G79: =diur2!P6 -> 0
A80: =A56 -> 008 | B80: =B56 -> 511-9 | C80: =C56 -> PSICOLOGIA | D80: =D56 -> 0 | E80: A185 | F80: A185 | G80: =diur2!P7 -> 0
A81: =A57 -> 102 | B81: =B57 -> 0 | C81: =C57 -> INGLES | D81: =D57 -> 0 | E81: 1433 | F81: =diur2!O8 -> 0 | G81: =diur2!P8 -> 0
A82: =A58 -> 104 | B82: =B58 -> 202 | C82: =C58 -> SEMESTRAL | D82: =D58 -> 0 | E82: AP17 | F82: P472 | G82: =diur2!P9 -> 0
A83: 204 | B83: 101-8 | C83: CIVIL | E83: S 102
A84: 206 | B84: 701-8 | C84: CIVIL | E84: 2401
A85: 210 | B85: 401-8 | C85: =C59 -> CIVIL | D85: =D59 -> 0 | E85: 2306
A86: 301 | B86: 601 FMQB | C86: SEMESTRAL | D86: =D61 -> 0 | E86: P433 | F86: AP38
A87: =A63 -> 302 | B87: =B63 -> 602 FMQB | C87: =C63 -> SEMESTRAL | D87: =D63 -> 0 | E87: AP39 | F87: P347 | G87: =diur2!P12 -> 0
A88: =A64 -> 303 | B88: =B64 -> 402 | C88: =C64 -> SEMESTRAL | D88: =D64 -> 0 | E88: P452 | F88: P452 | G88: =diur2!P13 -> 0
A89: =A65 -> 304 | B89: =B65 -> 201 | C89: =C65 -> SEMESTRAL | D89: =D65 -> 0 | E89: AP36 | F89: AP17 | G89: =diur2!P14 -> 0
A90: =A66 -> 305 | B90: =B66 -> 403 | C90: =C66 -> SEMESTRAL | D90: =D66 -> 0 | E90: P274 | F90: AP39 | G90: =diur2!P16 -> 0
A91: =A67 -> 311 | B91: =B67 -> 401 | C91: =C67 -> SEMESTRAL | D91: =D67 -> 0 | E91: P449 | F91: P274 | G91: =diur2!P18 -> 0
A92: =A68 -> 313 | B92: =B68 -> 101-8 | C92: =C68 -> FINANZAS | D92: =D68 -> 0 | E92: S 102 | G92: =diur2!P19 -> 0
A93: REGISTRO DIARIO DE INCIDENCIAS
A94: =A49 -> PERIODO ENERO- ABRIL 2026
A95: TURNOS: MAT Y MAT ESP | D95: =FECHAS!D12 -> VIERNES 27 DE FEBRERO DEL 2026 | F95: =F74 -> SEM 8 LIC | G95: =G74 -> SEM 2 SEM
A96: =A75 -> Aula | B96: =B75 -> Gpo. | C96: =C75 -> Licenciatura | D96: =D75 -> Opt | E96: 0.5 | F96: 0.54166667 | G96: 0.58333333
A97: 001 | B97: 603 EAH | C97: SEMESTRAL | E97: AP22 | F97: AP5
A98: =A77 -> 002 | B98: =B77 -> 211-9 | C98: =C77 -> PSICOLOGIA | D98: =D77 -> 0 | F98: 1360 | G98: 1360
A99: =A78 -> 004 | B99: =B78 -> 0 | C99: =C78 -> 0 | D99: =D78 -> 0 | G99: =diur2!S3 -> 0
A100: =A79 -> 004 | B100: =B79 -> 401-8 | C100: =C79 -> NEGOCIOS | D100: =D79 -> 0 | E100: =diur2!Q6 -> 0 | F100: =diur2!R6 -> 0 | G100: =diur2!S6 -> 0
A101: =A80 -> 008 | B101: =B80 -> 511-9 | C101: =C80 -> PSICOLOGIA | D101: =D80 -> 0 | E101: 2372 | G101: =diur2!S7 -> 0
A102: =A81 -> 102 | B102: =B81 -> 0 | C102: =C81 -> INGLES | D102: =D81 -> 0 | E102: 1433 | F102: =diur2!R8 -> 0 | G102: =diur2!S8 -> 0
A103: =A82 -> 104 | B103: =B82 -> 202 | C103: =C82 -> SEMESTRAL | D103: =D82 -> 0 | E103: AP17 | F103: AP22 | G103: =diur2!S9 -> 0
A104: 204 | B104: 101-8 | C104: =C85 -> CIVIL | D104: =D85 -> 0 | E104: S 102
A105: 206 | B105: 701-8 | C105: CIVIL
...

Sheet FECHAS
D8: LUNES 23 DE FEBRERO DEL 2026 | G8: SEM 8 LIC | H8: SEM 2 SEM
D9: MARTES 24 DE FEBRERO DEL 2026
D10: MIERCOLES 25 DE FEBRERO DEL 2026
D11: JUEVES 26 DE FEBRERO DEL 2026
D12: VIERNES 27 DE FEBRERO DEL 2026
